<?xml version="1.0" encoding="UTF-8"?>
<project-private xmlns="http://www.netbeans.org/ns/project-private/1">
    <editor-bookmarks xmlns="http://www.netbeans.org/ns/editor-bookmarks/2" lastBookmarkId="0"/>
    <open-files xmlns="http://www.netbeans.org/ns/projectui-open-files/2">
        <group>
            <file>file:/C:/Users/HP/Documents/NetBeansProjects/ITSE423_project2/src/itse423_project2/DBcon.java</file>
            <file>file:/C:/Users/HP/Documents/NetBeansProjects/ITSE423_project2/src/itse423_project2/ITSE423_project2.java</file>
            <file>file:/C:/Users/HP/Documents/NetBeansProjects/ITSE423_project2/src/itse423_project2/LoginController.java</file>
            <file>file:/C:/Users/HP/Documents/NetBeansProjects/ITSE423_project2/src/itse423_project2/DBinfo.java</file>
            <file>file:/C:/Users/HP/Documents/NetBeansProjects/ITSE423_project2/src/itse423_project2/HomeEmployeeController.java</file>
        </group>
    </open-files>
</project-private>
